id,party,answer,expert
20829905,Democrat,d,1
20829905,Democrat,d,2
20829905,Democrat,d,3
22076215,Democrat,d,1
22076215,Democrat,d,2
22076215,Democrat,d,3
20829330,Democrat,d,1
20829330,Democrat,d,2
20829330,Democrat,d,3
20794270,Democrat,d,1
20794270,Democrat,d,2
20794270,Democrat,d,3
21601065,Democrat,d,1
21601065,Democrat,d,2
21601065,Democrat,d,3
20777476,Democrat,d,1
20777476,Democrat,d,2
20777476,Democrat,d,3
21823973,Democrat,d,1
21823973,Democrat,d,2
21823973,Democrat,d,3
21856367,Democrat,d,1
21856367,Democrat,d,2
21856367,Democrat,d,3
22065880,Democrat,d,1
22065880,Democrat,d,2
22065880,Democrat,d,3
21215068,Democrat,d,1
21215068,Democrat,d,2
21215068,Democrat,d,3
22129911,Democrat,d,1
22129911,Democrat,d,2
22129911,Democrat,d,3
21955898,Democrat,d,1
21955898,Democrat,d,2
21955898,Democrat,d,3
21827345,Democrat,d,1
21827345,Democrat,d,2
21827345,Democrat,d,3
21303952,Democrat,d,1
21303952,Democrat,d,2
21303952,Democrat,d,3
21040572,Democrat,d,1
21040572,Democrat,d,2
21040572,Democrat,d,3
21333549,Democrat,d,1
21333549,Democrat,d,2
21333549,Democrat,d,3
21913345,Democrat,d,1
21913345,Democrat,d,2
21913345,Democrat,d,3
21145912,Democrat,d,1
21145912,Democrat,d,2
21145912,Democrat,d,3
20824949,Democrat,d,1
20824949,Democrat,d,2
20824949,Democrat,d,3
21711261,Democrat,d,1
21711261,Democrat,d,2
21711261,Democrat,d,3
21146084,Democrat,d,1
21146084,Democrat,d,2
21146084,Democrat,d,3
21908105,Democrat,d,1
21908105,Democrat,d,2
21908105,Democrat,d,3
21023172,Democrat,d,1
21023172,Democrat,d,2
21023172,Democrat,d,3
21162427,Democrat,d,1
21162427,Democrat,d,2
21162427,Democrat,d,3
21854147,Democrat,d,1
21854147,Democrat,d,2
21854147,Democrat,d,3
20942656,Democrat,r,1
20942656,Democrat,r,2
20942656,Democrat,d,3
22010643,Democrat,d,1
22010643,Democrat,d,2
22010643,Democrat,d,3
21141943,Democrat,d,1
21141943,Democrat,d,2
21141943,Democrat,d,3
22082493,Democrat,d,1
22082493,Democrat,d,2
22082493,Democrat,d,3
21132571,Democrat,d,1
21132571,Democrat,d,2
21132571,Democrat,d,3
21455454,Democrat,d,1
21455454,Democrat,d,2
21455454,Democrat,d,3
21455869,Democrat,d,1
21455869,Democrat,d,2
21455869,Democrat,d,3
21276914,Democrat,d,1
21276914,Democrat,d,2
21276914,Democrat,d,3
20937822,Democrat,d,1
20937822,Democrat,d,2
20937822,Democrat,d,3
21952688,Democrat,d,1
21952688,Democrat,d,2
21952688,Democrat,d,3
22054485,Democrat,d,1
22054485,Democrat,d,2
22054485,Democrat,d,3
21622817,Democrat,d,1
21622817,Democrat,d,2
21622817,Democrat,d,3
21538771,Democrat,d,1
21538771,Democrat,d,2
21538771,Democrat,d,3
21956514,Democrat,d,1
21956514,Democrat,d,2
21956514,Democrat,d,3
20824326,Democrat,d,1
20824326,Democrat,d,2
20824326,Democrat,d,3
20674827,Democrat,d,1
20674827,Democrat,d,2
20674827,Democrat,d,3
22037290,Democrat,d,1
22037290,Democrat,d,2
22037290,Democrat,d,3
21867794,Democrat,d,1
21867794,Democrat,d,2
21867794,Democrat,d,3
20833449,Democrat,d,1
20833449,Democrat,d,2
20833449,Democrat,d,3
21795363,Democrat,d,1
21795363,Democrat,d,2
21795363,Democrat,d,3
22029868,Democrat,d,1
22029868,Democrat,r,2
22029868,Democrat,d,3
20907406,Democrat,r,1
20907406,Democrat,d,2
20907406,Democrat,d,3
22028086,Democrat,d,1
22028086,Democrat,d,2
22028086,Democrat,d,3
21970268,Democrat,d,1
21970268,Democrat,d,2
21970268,Democrat,d,3
21801976,Democrat,d,1
21801976,Democrat,d,2
21801976,Democrat,d,3
21577636,Democrat,d,1
21577636,Democrat,d,2
21577636,Democrat,d,3
21401033,Democrat,d,1
21401033,Democrat,d,2
21401033,Democrat,d,3
21656579,Democrat,d,1
21656579,Democrat,d,2
21656579,Democrat,d,3
21143848,Democrat,d,1
21143848,Democrat,d,2
21143848,Democrat,d,3
21686542,Democrat,d,1
21686542,Democrat,d,2
21686542,Democrat,d,3
20988078,Democrat,d,1
20988078,Democrat,d,2
20988078,Democrat,d,3
21252951,Democrat,d,1
21252951,Democrat,d,2
21252951,Democrat,d,3
21141976,Democrat,d,1
21141976,Democrat,d,2
21141976,Democrat,d,3
21865410,Democrat,d,1
21865410,Democrat,d,2
21865410,Democrat,d,3
20712799,Democrat,d,1
20712799,Democrat,r,2
20712799,Democrat,d,3
20932760,Democrat,d,1
20932760,Democrat,r,2
20932760,Democrat,d,3
21418530,Democrat,d,1
21418530,Democrat,d,2
21418530,Democrat,d,3
21648363,Democrat,d,1
21648363,Democrat,d,2
21648363,Democrat,d,3
21628934,Democrat,d,1
21628934,Democrat,d,2
21628934,Democrat,d,3
21313160,Democrat,d,1
21313160,Democrat,d,2
21313160,Democrat,d,3
21762771,Democrat,d,1
21762771,Democrat,d,2
21762771,Democrat,d,3
20847358,Democrat,r,1
20847358,Democrat,d,2
20847358,Democrat,d,3
22081945,Democrat,d,1
22081945,Democrat,d,2
22081945,Democrat,d,3
20776338,Democrat,d,1
20776338,Democrat,d,2
20776338,Democrat,d,3
21106275,Democrat,d,1
21106275,Democrat,d,2
21106275,Democrat,d,3
21776049,Democrat,d,1
21776049,Democrat,d,2
21776049,Democrat,d,3
20855533,Democrat,d,1
20855533,Democrat,d,2
20855533,Democrat,d,3
20889070,Democrat,r,1
20889070,Democrat,d,2
20889070,Democrat,d,3
21423516,Democrat,d,1
21423516,Democrat,d,2
21423516,Democrat,d,3
20937791,Democrat,r,1
20937791,Democrat,r,2
20937791,Democrat,r,3
20674630,Democrat,d,1
20674630,Democrat,d,2
20674630,Democrat,d,3
20712773,Democrat,d,1
20712773,Democrat,d,2
20712773,Democrat,d,3
21773858,Democrat,d,1
21773858,Democrat,d,2
21773858,Democrat,d,3
21973320,Democrat,d,1
21973320,Democrat,d,2
21973320,Democrat,d,3
21675333,Democrat,d,1
21675333,Democrat,r,2
21675333,Democrat,r,3
21720317,Democrat,d,1
21720317,Democrat,d,2
21720317,Democrat,d,3
20933462,Democrat,d,1
20933462,Democrat,d,2
20933462,Democrat,d,3
21945870,Democrat,d,1
21945870,Democrat,d,2
21945870,Democrat,d,3
21271487,Democrat,d,1
21271487,Democrat,d,2
21271487,Democrat,d,3
22104022,Democrat,d,1
22104022,Democrat,d,2
22104022,Democrat,d,3
20676891,Democrat,d,1
20676891,Democrat,d,2
20676891,Democrat,d,3
20959263,Democrat,d,1
20959263,Democrat,d,2
20959263,Democrat,d,3
21577935,Democrat,d,1
21577935,Democrat,d,2
21577935,Democrat,d,3
21273326,Democrat,d,1
21273326,Democrat,r,2
21273326,Democrat,r,3
20731910,Democrat,d,1
20731910,Democrat,d,2
20731910,Democrat,d,3
20701591,Democrat,d,1
20701591,Democrat,d,2
20701591,Democrat,d,3
21943610,Democrat,d,1
21943610,Democrat,d,2
21943610,Democrat,d,3
21027334,Democrat,d,1
21027334,Democrat,d,2
21027334,Democrat,d,3
20915250,Democrat,r,1
20915250,Democrat,r,2
20915250,Democrat,r,3
20997700,Democrat,r,1
20997700,Democrat,r,2
20997700,Democrat,r,3
21473136,Democrat,d,1
21473136,Democrat,d,2
21473136,Democrat,d,3
21342328,Democrat,d,1
21342328,Democrat,d,2
21342328,Democrat,d,3
20746658,Democrat,d,1
20746658,Democrat,d,2
20746658,Democrat,d,3
21484324,Democrat,d,1
21484324,Democrat,d,2
21484324,Democrat,d,3
21197330,Democrat,d,1
21197330,Democrat,d,2
21197330,Democrat,d,3
21354991,Democrat,r,1
21354991,Democrat,r,2
21354991,Democrat,r,3
21015871,Democrat,d,1
21015871,Democrat,d,2
21015871,Democrat,d,3
21891296,Democrat,r,1
21891296,Democrat,r,2
21891296,Democrat,d,3
21196381,Democrat,d,1
21196381,Democrat,d,2
21196381,Democrat,d,3
21804825,Democrat,d,1
21804825,Democrat,d,2
21804825,Democrat,d,3
21192154,Democrat,d,1
21192154,Democrat,d,2
21192154,Democrat,d,3
20655707,Democrat,r,1
20655707,Democrat,r,2
20655707,Democrat,r,3
21514982,Democrat,d,1
21514982,Democrat,r,2
21514982,Democrat,d,3
21978739,Democrat,d,1
21978739,Democrat,d,2
21978739,Democrat,r,3
21699115,Democrat,d,1
21699115,Democrat,r,2
21699115,Democrat,d,3
21555814,Democrat,d,1
21555814,Democrat,d,2
21555814,Democrat,d,3
21214623,Democrat,r,1
21214623,Democrat,r,2
21214623,Democrat,r,3
20799744,Democrat,d,1
20799744,Democrat,d,2
20799744,Democrat,d,3
21894117,Democrat,r,1
21894117,Democrat,d,2
21894117,Democrat,d,3
20678787,Democrat,d,1
20678787,Democrat,d,2
20678787,Democrat,d,3
21672506,Democrat,d,1
21672506,Democrat,d,2
21672506,Democrat,d,3
21453395,Democrat,d,1
21453395,Democrat,d,2
21453395,Democrat,d,3
21234624,Democrat,r,1
21234624,Democrat,r,2
21234624,Democrat,d,3
21271309,Democrat,d,1
21271309,Democrat,d,2
21271309,Democrat,d,3
21252557,Democrat,d,1
21252557,Democrat,d,2
21252557,Democrat,d,3
21427039,Democrat,d,1
21427039,Democrat,d,2
21427039,Democrat,d,3
22120716,Democrat,d,1
22120716,Democrat,d,2
22120716,Democrat,d,3
21720309,Democrat,d,1
21720309,Democrat,d,2
21720309,Democrat,d,3
21486888,Democrat,d,1
21486888,Democrat,d,2
21486888,Democrat,d,3
20892608,Democrat,d,1
20892608,Democrat,d,2
20892608,Democrat,d,3
21932268,Democrat,d,1
21932268,Democrat,d,2
21932268,Democrat,d,3
21385909,Democrat,d,1
21385909,Democrat,d,2
21385909,Democrat,d,3
21538591,Democrat,d,1
21538591,Democrat,d,2
21538591,Democrat,r,3
21214622,Democrat,d,1
21214622,Democrat,d,2
21214622,Democrat,d,3
20846401,Democrat,r,1
20846401,Democrat,r,2
20846401,Democrat,r,3
21144408,Democrat,d,1
21144408,Democrat,d,2
21144408,Democrat,d,3
22035307,Democrat,d,1
22035307,Democrat,d,2
22035307,Democrat,d,3
20888873,Democrat,d,1
20888873,Democrat,r,2
20888873,Democrat,d,3
20959596,Democrat,d,1
20959596,Democrat,d,2
20959596,Democrat,d,3
21141977,Democrat,d,1
21141977,Democrat,d,2
21141977,Democrat,d,3
21142878,Democrat,d,1
21142878,Democrat,d,2
21142878,Democrat,d,3
21750119,Democrat,d,1
21750119,Democrat,d,2
21750119,Democrat,d,3
20930096,Democrat,d,1
20930096,Democrat,d,2
20930096,Democrat,d,3
21087861,Democrat,d,1
21087861,Democrat,d,2
21087861,Democrat,d,3
20892074,Democrat,d,1
20892074,Democrat,r,2
20892074,Democrat,d,3
21487374,Democrat,d,1
21487374,Democrat,d,2
21487374,Democrat,d,3
21761247,Democrat,d,1
21761247,Democrat,d,2
21761247,Democrat,d,3
22041238,Democrat,d,1
22041238,Democrat,d,2
22041238,Democrat,r,3
21443849,Democrat,d,1
21443849,Democrat,d,2
21443849,Democrat,d,3
20989263,Democrat,d,1
20989263,Democrat,d,2
20989263,Democrat,d,3
20831993,Democrat,d,1
20831993,Democrat,d,2
20831993,Democrat,d,3
21705737,Democrat,d,1
21705737,Democrat,d,2
21705737,Democrat,d,3
20823634,Democrat,d,1
20823634,Democrat,d,2
20823634,Democrat,d,3
20971602,Democrat,d,1
20971602,Democrat,d,2
20971602,Democrat,d,3
21146039,Democrat,d,1
21146039,Democrat,d,2
21146039,Democrat,d,3
21944210,Democrat,d,1
21944210,Democrat,d,2
21944210,Democrat,d,3
21111689,Democrat,d,1
21111689,Democrat,d,2
21111689,Democrat,d,3
21978455,Democrat,d,1
21978455,Democrat,d,2
21978455,Democrat,d,3
21852710,Democrat,d,1
21852710,Democrat,d,2
21852710,Democrat,d,3
21572816,Democrat,d,1
21572816,Democrat,d,2
21572816,Democrat,d,3
20964308,Democrat,d,1
20964308,Democrat,d,2
20964308,Democrat,d,3
20752032,Democrat,d,1
20752032,Democrat,d,2
20752032,Democrat,d,3
21170712,Democrat,r,1
21170712,Democrat,r,2
21170712,Democrat,d,3
20845761,Democrat,r,1
20845761,Democrat,r,2
20845761,Democrat,d,3
20907478,Democrat,d,1
20907478,Democrat,r,2
20907478,Democrat,r,3
20892606,Democrat,d,1
20892606,Democrat,d,2
20892606,Democrat,d,3
21359578,Democrat,d,1
21359578,Democrat,d,2
21359578,Democrat,d,3
20943224,Democrat,d,1
20943224,Democrat,d,2
20943224,Democrat,r,3
20929734,Democrat,r,1
20929734,Democrat,r,2
20929734,Democrat,d,3
21196383,Democrat,d,1
21196383,Democrat,d,2
21196383,Democrat,d,3
21253233,Democrat,d,1
21253233,Democrat,d,2
21253233,Democrat,d,3
21983529,Democrat,d,1
21983529,Democrat,d,2
21983529,Democrat,d,3
21308330,Democrat,r,1
21308330,Democrat,r,2
21308330,Democrat,r,3
21254590,Democrat,d,1
21254590,Democrat,d,2
21254590,Democrat,d,3
20993431,Democrat,d,1
20993431,Democrat,d,2
20993431,Democrat,d,3
21571749,Democrat,d,1
21571749,Democrat,d,2
21571749,Democrat,d,3
21214036,Democrat,d,1
21214036,Democrat,d,2
21214036,Democrat,d,3
20845897,Democrat,r,1
20845897,Democrat,r,2
20845897,Democrat,r,3
21823246,Democrat,d,1
21823246,Democrat,d,2
21823246,Democrat,d,3
20842899,Democrat,r,1
20842899,Democrat,r,2
20842899,Democrat,r,3
20990465,Democrat,r,1
20990465,Democrat,r,2
20990465,Democrat,r,3
21980324,Democrat,d,1
21980324,Democrat,d,2
21980324,Democrat,d,3
21529586,Democrat,d,1
21529586,Democrat,d,2
21529586,Democrat,d,3
21105642,Democrat,r,1
21105642,Democrat,d,2
21105642,Democrat,d,3
21255072,Democrat,d,1
21255072,Democrat,d,2
21255072,Democrat,d,3
21924754,Democrat,d,1
21924754,Democrat,d,2
21924754,Democrat,d,3
22040221,Democrat,d,1
22040221,Democrat,d,2
22040221,Democrat,d,3
21586280,Democrat,d,1
21586280,Democrat,d,2
21586280,Democrat,d,3
21505613,Democrat,d,1
21505613,Democrat,d,2
21505613,Democrat,d,3
21214614,Democrat,d,1
21214614,Democrat,d,2
21214614,Democrat,d,3
21868142,Democrat,d,1
21868142,Democrat,d,2
21868142,Democrat,d,3
21572316,Democrat,d,1
21572316,Democrat,d,2
21572316,Democrat,r,3
21308331,Democrat,r,1
21308331,Democrat,r,2
21308331,Democrat,r,3
20743965,Democrat,d,1
20743965,Democrat,d,2
20743965,Democrat,d,3
21707107,Democrat,d,1
21707107,Democrat,d,2
21707107,Democrat,d,3
21114910,Democrat,d,1
21114910,Democrat,d,2
21114910,Democrat,d,3
20964834,Democrat,r,1
20964834,Democrat,r,2
20964834,Democrat,d,3
21629940,Democrat,d,1
21629940,Democrat,d,2
21629940,Democrat,d,3
21339720,Democrat,d,1
21339720,Democrat,d,2
21339720,Democrat,d,3
20935424,Democrat,r,1
20935424,Democrat,d,2
20935424,Democrat,d,3
21130113,Democrat,d,1
21130113,Democrat,r,2
21130113,Democrat,d,3
21506837,Democrat,d,1
21506837,Democrat,r,2
21506837,Democrat,d,3
21587129,Democrat,d,1
21587129,Democrat,d,2
21587129,Democrat,d,3
20959778,Democrat,d,1
20959778,Democrat,d,2
20959778,Democrat,d,3
21028173,Democrat,d,1
21028173,Democrat,d,2
21028173,Democrat,d,3
20912427,Democrat,d,1
20912427,Democrat,d,2
20912427,Democrat,d,3
21063558,Democrat,r,1
21063558,Democrat,d,2
21063558,Democrat,d,3
21455289,Democrat,d,1
21455289,Democrat,d,2
21455289,Democrat,d,3
21868311,Democrat,d,1
21868311,Democrat,d,2
21868311,Democrat,d,3
21252009,Democrat,d,1
21252009,Democrat,d,2
21252009,Democrat,d,3
21891446,Democrat,d,1
21891446,Democrat,d,2
21891446,Democrat,r,3
22035870,Democrat,d,1
22035870,Democrat,d,2
22035870,Democrat,d,3
21084969,Democrat,d,1
21084969,Democrat,d,2
21084969,Democrat,d,3
21194358,Democrat,d,1
21194358,Democrat,d,2
21194358,Democrat,r,3
21803683,Democrat,d,1
21803683,Democrat,d,2
21803683,Democrat,d,3
21951762,Democrat,r,1
21951762,Democrat,r,2
21951762,Democrat,d,3
21330869,Democrat,d,1
21330869,Democrat,d,2
21330869,Democrat,d,3
20913334,Democrat,d,1
20913334,Democrat,d,2
20913334,Democrat,d,3
21978454,Democrat,d,1
21978454,Democrat,d,2
21978454,Democrat,d,3
20961118,Democrat,r,1
20961118,Democrat,r,2
20961118,Democrat,r,3
20963147,Democrat,d,1
20963147,Democrat,r,2
20963147,Democrat,d,3
21213608,Democrat,d,1
21213608,Democrat,r,2
21213608,Democrat,d,3
21578520,Democrat,d,1
21578520,Democrat,d,2
21578520,Democrat,d,3
21378973,Democrat,d,1
21378973,Democrat,d,2
21378973,Democrat,d,3
21913619,Democrat,d,1
21913619,Democrat,d,2
21913619,Democrat,d,3
21027603,Democrat,d,1
21027603,Democrat,r,2
21027603,Democrat,d,3
21087007,Democrat,d,1
21087007,Democrat,d,2
21087007,Democrat,d,3
20800863,Democrat,d,1
20800863,Democrat,d,2
20800863,Democrat,d,3
21628760,Democrat,d,1
21628760,Democrat,d,2
21628760,Democrat,d,3
21309825,Democrat,d,1
21309825,Democrat,d,2
21309825,Democrat,d,3
21944298,Democrat,d,1
21944298,Democrat,d,2
21944298,Democrat,d,3
21183656,Democrat,d,1
21183656,Democrat,d,2
21183656,Democrat,d,3
21133290,Democrat,d,1
21133290,Democrat,d,2
21133290,Democrat,d,3
21824873,Democrat,d,1
21824873,Democrat,d,2
21824873,Democrat,d,3
21887659,Democrat,d,1
21887659,Democrat,d,2
21887659,Democrat,d,3
20916564,Democrat,d,1
20916564,Democrat,d,2
20916564,Democrat,d,3
21115507,Democrat,d,1
21115507,Democrat,d,2
21115507,Democrat,d,3
21398096,Democrat,r,1
21398096,Democrat,r,2
21398096,Democrat,d,3
20668933,Democrat,d,1
20668933,Democrat,d,2
20668933,Democrat,d,3
20777562,Democrat,r,1
20777562,Democrat,d,2
20777562,Democrat,r,3
21588163,Democrat,d,1
21588163,Democrat,d,2
21588163,Democrat,d,3
20943055,Democrat,d,1
20943055,Democrat,r,2
20943055,Democrat,d,3
20695343,Democrat,d,1
20695343,Democrat,d,2
20695343,Democrat,d,3
21002383,Democrat,d,1
21002383,Democrat,d,2
21002383,Democrat,d,3
21486363,Democrat,d,1
21486363,Democrat,d,2
21486363,Democrat,d,3
21557051,Democrat,d,1
21557051,Democrat,d,2
21557051,Democrat,d,3
21187678,Democrat,d,1
21187678,Democrat,d,2
21187678,Democrat,d,3
21805252,Democrat,d,1
21805252,Democrat,d,2
21805252,Democrat,d,3
20992243,Democrat,d,1
20992243,Democrat,d,2
20992243,Democrat,d,3
21932044,Democrat,d,1
21932044,Democrat,d,2
21932044,Democrat,d,3
21597608,Democrat,d,1
21597608,Democrat,d,2
21597608,Democrat,d,3
21026137,Democrat,d,1
21026137,Democrat,r,2
21026137,Democrat,d,3
21456546,Democrat,d,1
21456546,Democrat,r,2
21456546,Democrat,d,3
22012381,Democrat,d,1
22012381,Democrat,d,2
22012381,Democrat,d,3
21683156,Democrat,d,1
21683156,Democrat,d,2
21683156,Democrat,r,3
21330446,Republican,r,1
21330446,Republican,r,2
21330446,Republican,r,3
21422742,Republican,r,1
21422742,Republican,r,2
21422742,Republican,d,3
20870462,Republican,d,1
20870462,Republican,r,2
20870462,Republican,r,3
20795882,Republican,d,1
20795882,Republican,r,2
20795882,Republican,d,3
22053884,Republican,r,1
22053884,Republican,r,2
22053884,Republican,r,3
21920353,Republican,r,1
21920353,Republican,r,2
21920353,Republican,r,3
20763405,Republican,r,1
20763405,Republican,r,2
20763405,Republican,r,3
20822084,Republican,r,1
20822084,Republican,r,2
20822084,Republican,r,3
21531583,Republican,d,1
21531583,Republican,r,2
21531583,Republican,d,3
21396687,Republican,r,1
21396687,Republican,r,2
21396687,Republican,r,3
20832032,Republican,r,1
20832032,Republican,r,2
20832032,Republican,d,3
20831873,Republican,r,1
20831873,Republican,r,2
20831873,Republican,r,3
20956452,Republican,r,1
20956452,Republican,r,2
20956452,Republican,r,3
21385687,Republican,r,1
21385687,Republican,r,2
21385687,Republican,r,3
20865353,Republican,d,1
20865353,Republican,d,2
20865353,Republican,d,3
22122184,Republican,d,1
22122184,Republican,r,2
22122184,Republican,d,3
20804517,Republican,r,1
20804517,Republican,r,2
20804517,Republican,r,3
21600600,Republican,r,1
21600600,Republican,r,2
21600600,Republican,r,3
20902940,Republican,r,1
20902940,Republican,r,2
20902940,Republican,r,3
21528308,Republican,d,1
21528308,Republican,r,2
21528308,Republican,d,3
21338486,Republican,r,1
21338486,Republican,r,2
21338486,Republican,r,3
21143643,Republican,d,1
21143643,Republican,d,2
21143643,Republican,d,3
21196446,Republican,r,1
21196446,Republican,r,2
21196446,Republican,r,3
21486499,Republican,r,1
21486499,Republican,r,2
21486499,Republican,r,3
20830572,Republican,r,1
20830572,Republican,d,2
20830572,Republican,d,3
21951118,Republican,r,1
21951118,Republican,r,2
21951118,Republican,d,3
21163768,Republican,r,1
21163768,Republican,d,2
21163768,Republican,d,3
20966109,Republican,r,1
20966109,Republican,r,2
20966109,Republican,d,3
21137736,Republican,d,1
21137736,Republican,r,2
21137736,Republican,r,3
21910306,Republican,r,1
21910306,Republican,d,2
21910306,Republican,r,3
21939790,Republican,r,1
21939790,Republican,r,2
21939790,Republican,r,3
21172899,Republican,d,1
21172899,Republican,r,2
21172899,Republican,r,3
20966887,Republican,r,1
20966887,Republican,r,2
20966887,Republican,r,3
21999245,Republican,d,1
21999245,Republican,d,2
21999245,Republican,d,3
21674741,Republican,r,1
21674741,Republican,r,2
21674741,Republican,r,3
21658098,Republican,r,1
21658098,Republican,d,2
21658098,Republican,r,3
21026371,Republican,r,1
21026371,Republican,r,2
21026371,Republican,r,3
21144657,Republican,d,1
21144657,Republican,r,2
21144657,Republican,r,3
21533870,Republican,r,1
21533870,Republican,r,2
21533870,Republican,r,3
20824220,Republican,d,1
20824220,Republican,d,2
20824220,Republican,r,3
21421093,Republican,r,1
21421093,Republican,r,2
21421093,Republican,r,3
21853936,Republican,d,1
21853936,Republican,r,2
21853936,Republican,r,3
22099465,Republican,r,1
22099465,Republican,r,2
22099465,Republican,r,3
21652629,Republican,r,1
21652629,Republican,r,2
21652629,Republican,r,3
21421602,Republican,d,1
21421602,Republican,r,2
21421602,Republican,r,3
20798234,Republican,r,1
20798234,Republican,r,2
20798234,Republican,d,3
21761392,Republican,r,1
21761392,Republican,r,2
21761392,Republican,r,3
21207699,Republican,r,1
21207699,Republican,d,2
21207699,Republican,d,3
21859045,Republican,r,1
21859045,Republican,r,2
21859045,Republican,r,3
21773895,Republican,d,1
21773895,Republican,r,2
21773895,Republican,d,3
21141257,Republican,d,1
21141257,Republican,r,2
21141257,Republican,r,3
22033921,Republican,d,1
22033921,Republican,d,2
22033921,Republican,r,3
21666704,Republican,d,1
21666704,Republican,r,2
21666704,Republican,r,3
21185336,Republican,r,1
21185336,Republican,r,2
21185336,Republican,r,3
21084951,Republican,r,1
21084951,Republican,r,2
21084951,Republican,d,3
21709543,Republican,r,1
21709543,Republican,r,2
21709543,Republican,d,3
21536003,Republican,d,1
21536003,Republican,r,2
21536003,Republican,d,3
21057624,Republican,r,1
21057624,Republican,r,2
21057624,Republican,r,3
22026939,Republican,r,1
22026939,Republican,r,2
22026939,Republican,r,3
21341829,Republican,r,1
21341829,Republican,r,2
21341829,Republican,d,3
20844727,Republican,r,1
20844727,Republican,r,2
20844727,Republican,r,3
20943446,Republican,r,1
20943446,Republican,r,2
20943446,Republican,r,3
20853067,Republican,d,1
20853067,Republican,r,2
20853067,Republican,r,3
20701356,Republican,r,1
20701356,Republican,r,2
20701356,Republican,r,3
20741418,Republican,r,1
20741418,Republican,r,2
20741418,Republican,r,3
22063663,Republican,r,1
22063663,Republican,r,2
22063663,Republican,r,3
21803902,Republican,r,1
21803902,Republican,r,2
21803902,Republican,d,3
21355189,Republican,r,1
21355189,Republican,r,2
21355189,Republican,r,3
21857286,Republican,d,1
21857286,Republican,r,2
21857286,Republican,r,3
21658014,Republican,r,1
21658014,Republican,r,2
21658014,Republican,r,3
20855344,Republican,r,1
20855344,Republican,r,2
20855344,Republican,r,3
21877765,Republican,r,1
21877765,Republican,r,2
21877765,Republican,r,3
21944179,Republican,r,1
21944179,Republican,r,2
21944179,Republican,r,3
22034387,Republican,r,1
22034387,Republican,r,2
22034387,Republican,d,3
21456153,Republican,r,1
21456153,Republican,r,2
21456153,Republican,r,3
20774320,Republican,r,1
20774320,Republican,r,2
20774320,Republican,r,3
20995861,Republican,r,1
20995861,Republican,r,2
20995861,Republican,d,3
21251494,Republican,r,1
21251494,Republican,r,2
21251494,Republican,r,3
21728751,Republican,r,1
21728751,Republican,r,2
21728751,Republican,d,3
21867752,Republican,d,1
21867752,Republican,r,2
21867752,Republican,r,3
20936063,Republican,r,1
20936063,Republican,r,2
20936063,Republican,d,3
21040125,Republican,d,1
21040125,Republican,d,2
21040125,Republican,d,3
21366967,Republican,r,1
21366967,Republican,r,2
21366967,Republican,r,3
22003853,Republican,r,1
22003853,Republican,r,2
22003853,Republican,r,3
21578313,Republican,r,1
21578313,Republican,r,2
21578313,Republican,r,3
20699258,Republican,r,1
20699258,Republican,r,2
20699258,Republican,r,3
21513500,Republican,r,1
21513500,Republican,r,2
21513500,Republican,r,3
20937128,Republican,d,1
20937128,Republican,d,2
20937128,Republican,d,3
22010413,Republican,r,1
22010413,Republican,r,2
22010413,Republican,r,3
21955063,Republican,r,1
21955063,Republican,r,2
21955063,Republican,r,3
21800892,Republican,r,1
21800892,Republican,r,2
21800892,Republican,r,3
21110105,Republican,r,1
21110105,Republican,r,2
21110105,Republican,r,3
21747643,Republican,r,1
21747643,Republican,d,2
21747643,Republican,r,3
21790528,Republican,d,1
21790528,Republican,r,2
21790528,Republican,r,3
21763405,Republican,r,1
21763405,Republican,r,2
21763405,Republican,r,3
22058551,Republican,r,1
22058551,Republican,r,2
22058551,Republican,r,3
21867863,Republican,r,1
21867863,Republican,r,2
21867863,Republican,r,3
21829380,Republican,r,1
21829380,Republican,r,2
21829380,Republican,r,3
20771591,Republican,r,1
20771591,Republican,r,2
20771591,Republican,r,3
20988699,Republican,d,1
20988699,Republican,r,2
20988699,Republican,d,3
22105383,Republican,r,1
22105383,Republican,r,2
22105383,Republican,d,3
21756584,Republican,r,1
21756584,Republican,r,2
21756584,Republican,r,3
20941464,Republican,d,1
20941464,Republican,r,2
20941464,Republican,r,3
21593732,Republican,r,1
21593732,Republican,r,2
21593732,Republican,r,3
20826814,Republican,d,1
20826814,Republican,d,2
20826814,Republican,d,3
21829440,Republican,r,1
21829440,Republican,d,2
21829440,Republican,r,3
21168909,Republican,d,1
21168909,Republican,d,2
21168909,Republican,d,3
21142501,Republican,r,1
21142501,Republican,r,2
21142501,Republican,r,3
22036096,Republican,d,1
22036096,Republican,r,2
22036096,Republican,d,3
21892207,Republican,d,1
21892207,Republican,r,2
21892207,Republican,d,3
20792902,Republican,r,1
20792902,Republican,r,2
20792902,Republican,d,3
21865662,Republican,r,1
21865662,Republican,r,2
21865662,Republican,r,3
21887163,Republican,r,1
21887163,Republican,r,2
21887163,Republican,r,3
20965481,Republican,r,1
20965481,Republican,r,2
20965481,Republican,r,3
21143152,Republican,r,1
21143152,Republican,r,2
21143152,Republican,r,3
20744635,Republican,r,1
20744635,Republican,r,2
20744635,Republican,r,3
20855315,Republican,r,1
20855315,Republican,r,2
20855315,Republican,r,3
21107561,Republican,r,1
21107561,Republican,r,2
21107561,Republican,r,3
21598601,Republican,r,1
21598601,Republican,r,2
21598601,Republican,r,3
22003825,Republican,r,1
22003825,Republican,r,2
22003825,Republican,r,3
21383166,Republican,r,1
21383166,Republican,d,2
21383166,Republican,d,3
22096875,Republican,r,1
22096875,Republican,r,2
22096875,Republican,r,3
22126590,Republican,r,1
22126590,Republican,r,2
22126590,Republican,r,3
20743732,Republican,d,1
20743732,Republican,r,2
20743732,Republican,d,3
21106097,Republican,d,1
21106097,Republican,r,2
21106097,Republican,r,3
21016974,Republican,r,1
21016974,Republican,r,2
21016974,Republican,r,3
21655319,Republican,r,1
21655319,Republican,r,2
21655319,Republican,r,3
21803712,Republican,r,1
21803712,Republican,r,2
21803712,Republican,r,3
21654495,Republican,r,1
21654495,Republican,r,2
21654495,Republican,r,3
20696935,Republican,r,1
20696935,Republican,d,2
20696935,Republican,r,3
21381256,Republican,r,1
21381256,Republican,r,2
21381256,Republican,r,3
20830779,Republican,d,1
20830779,Republican,r,2
20830779,Republican,r,3
21700435,Republican,r,1
21700435,Republican,d,2
21700435,Republican,d,3
21017306,Republican,r,1
21017306,Republican,r,2
21017306,Republican,r,3
20873614,Republican,d,1
20873614,Republican,d,2
20873614,Republican,d,3
20938165,Republican,r,1
20938165,Republican,r,2
20938165,Republican,r,3
21522453,Republican,r,1
21522453,Republican,r,2
21522453,Republican,r,3
22003720,Republican,r,1
22003720,Republican,r,2
22003720,Republican,r,3
21981180,Republican,r,1
21981180,Republican,r,2
21981180,Republican,d,3
21654463,Republican,r,1
21654463,Republican,r,2
21654463,Republican,r,3
21254833,Republican,d,1
21254833,Republican,r,2
21254833,Republican,d,3
20869801,Republican,r,1
20869801,Republican,r,2
20869801,Republican,r,3
21863537,Republican,r,1
21863537,Republican,r,2
21863537,Republican,r,3
22079753,Republican,r,1
22079753,Republican,r,2
22079753,Republican,r,3
20694300,Republican,r,1
20694300,Republican,r,2
20694300,Republican,r,3
21342012,Republican,d,1
21342012,Republican,r,2
21342012,Republican,d,3
20960443,Republican,r,1
20960443,Republican,r,2
20960443,Republican,r,3
21875852,Republican,r,1
21875852,Republican,r,2
21875852,Republican,r,3
21101771,Republican,r,1
21101771,Republican,r,2
21101771,Republican,r,3
21366739,Republican,r,1
21366739,Republican,r,2
21366739,Republican,r,3
21830809,Republican,d,1
21830809,Republican,r,2
21830809,Republican,r,3
21255063,Republican,r,1
21255063,Republican,r,2
21255063,Republican,r,3
21251426,Republican,r,1
21251426,Republican,r,2
21251426,Republican,r,3
21168498,Republican,r,1
21168498,Republican,r,2
21168498,Republican,d,3
21165962,Republican,r,1
21165962,Republican,r,2
21165962,Republican,r,3
20971399,Republican,r,1
20971399,Republican,d,2
20971399,Republican,r,3
22033844,Republican,r,1
22033844,Republican,r,2
22033844,Republican,d,3
20826815,Republican,d,1
20826815,Republican,r,2
20826815,Republican,r,3
21857505,Republican,d,1
21857505,Republican,d,2
21857505,Republican,d,3
21955655,Republican,r,1
21955655,Republican,r,2
21955655,Republican,r,3
21478322,Republican,r,1
21478322,Republican,r,2
21478322,Republican,r,3
21396534,Republican,r,1
21396534,Republican,r,2
21396534,Republican,r,3
22058539,Republican,r,1
22058539,Republican,r,2
22058539,Republican,r,3
21682196,Republican,r,1
21682196,Republican,d,2
21682196,Republican,d,3
20725515,Republican,r,1
20725515,Republican,r,2
20725515,Republican,r,3
21308732,Republican,r,1
21308732,Republican,r,2
21308732,Republican,r,3
21024163,Republican,r,1
21024163,Republican,r,2
21024163,Republican,r,3
20803531,Republican,r,1
20803531,Republican,r,2
20803531,Republican,r,3
21945679,Republican,r,1
21945679,Republican,r,2
21945679,Republican,r,3
21653545,Republican,d,1
21653545,Republican,r,2
21653545,Republican,r,3
21955696,Republican,r,1
21955696,Republican,r,2
21955696,Republican,r,3
21913842,Republican,r,1
21913842,Republican,d,2
21913842,Republican,r,3
21964111,Republican,r,1
21964111,Republican,r,2
21964111,Republican,r,3
21831129,Republican,r,1
21831129,Republican,r,2
21831129,Republican,r,3
21587047,Republican,r,1
21587047,Republican,r,2
21587047,Republican,r,3
21996304,Republican,r,1
21996304,Republican,r,2
21996304,Republican,r,3
21857815,Republican,r,1
21857815,Republican,r,2
21857815,Republican,r,3
20974286,Republican,r,1
20974286,Republican,r,2
20974286,Republican,r,3
21942379,Republican,r,1
21942379,Republican,r,2
21942379,Republican,r,3
22065209,Republican,d,1
22065209,Republican,r,2
22065209,Republican,r,3
21130846,Republican,r,1
21130846,Republican,r,2
21130846,Republican,d,3
21999164,Republican,r,1
21999164,Republican,r,2
21999164,Republican,r,3
21629005,Republican,r,1
21629005,Republican,r,2
21629005,Republican,d,3
22078034,Republican,r,1
22078034,Republican,r,2
22078034,Republican,r,3
21626723,Republican,r,1
21626723,Republican,d,2
21626723,Republican,d,3
20936903,Republican,d,1
20936903,Republican,d,2
20936903,Republican,d,3
20933773,Republican,r,1
20933773,Republican,r,2
20933773,Republican,r,3
21984465,Republican,r,1
21984465,Republican,d,2
21984465,Republican,d,3
21506566,Republican,r,1
21506566,Republican,r,2
21506566,Republican,r,3
21110503,Republican,r,1
21110503,Republican,r,2
21110503,Republican,r,3
21210052,Republican,d,1
21210052,Republican,d,2
21210052,Republican,d,3
20826156,Republican,r,1
20826156,Republican,r,2
20826156,Republican,r,3
20824430,Republican,d,1
20824430,Republican,d,2
20824430,Republican,d,3
21426500,Republican,r,1
21426500,Republican,r,2
21426500,Republican,r,3
21615568,Republican,r,1
21615568,Republican,r,2
21615568,Republican,r,3
21451169,Republican,r,1
21451169,Republican,r,2
21451169,Republican,r,3
20902710,Republican,r,1
20902710,Republican,r,2
20902710,Republican,d,3
20995366,Republican,r,1
20995366,Republican,r,2
20995366,Republican,r,3
21819745,Republican,d,1
21819745,Republican,r,2
21819745,Republican,r,3
21648985,Republican,r,1
21648985,Republican,r,2
21648985,Republican,r,3
21485808,Republican,r,1
21485808,Republican,r,2
21485808,Republican,r,3
21193117,Republican,r,1
21193117,Republican,r,2
21193117,Republican,r,3
21172496,Republican,r,1
21172496,Republican,d,2
21172496,Republican,d,3
22031270,Republican,d,1
22031270,Republican,r,2
22031270,Republican,r,3
21481840,Republican,d,1
21481840,Republican,r,2
21481840,Republican,d,3
21657087,Republican,r,1
21657087,Republican,r,2
21657087,Republican,r,3
21572729,Republican,r,1
21572729,Republican,r,2
21572729,Republican,r,3
21651445,Republican,r,1
21651445,Republican,r,2
21651445,Republican,r,3
21482893,Republican,r,1
21482893,Republican,r,2
21482893,Republican,r,3
21638155,Republican,d,1
21638155,Republican,d,2
21638155,Republican,r,3
21676096,Republican,r,1
21676096,Republican,r,2
21676096,Republican,r,3
21773973,Republican,r,1
21773973,Republican,r,2
21773973,Republican,r,3
21365470,Republican,d,1
21365470,Republican,r,2
21365470,Republican,d,3
20938686,Republican,r,1
20938686,Republican,r,2
20938686,Republican,d,3
22040406,Republican,r,1
22040406,Republican,r,2
22040406,Republican,r,3
21213838,Republican,r,1
21213838,Republican,r,2
21213838,Republican,r,3
20749133,Republican,d,1
20749133,Republican,r,2
20749133,Republican,r,3
21197288,Republican,r,1
21197288,Republican,r,2
21197288,Republican,d,3
22034914,Republican,r,1
22034914,Republican,d,2
22034914,Republican,r,3
21837366,Republican,r,1
21837366,Republican,r,2
21837366,Republican,r,3
21557018,Republican,r,1
21557018,Republican,r,2
21557018,Republican,r,3
20695664,Republican,r,1
20695664,Republican,r,2
20695664,Republican,r,3
20776897,Republican,r,1
20776897,Republican,r,2
20776897,Republican,r,3
21126058,Republican,r,1
21126058,Republican,d,2
21126058,Republican,d,3
21943470,Republican,r,1
21943470,Republican,r,2
21943470,Republican,r,3
22122739,Republican,r,1
22122739,Republican,r,2
22122739,Republican,r,3
21359225,Republican,r,1
21359225,Republican,r,2
21359225,Republican,r,3
20765661,Republican,d,1
20765661,Republican,d,2
20765661,Republican,d,3
21578311,Republican,r,1
21578311,Republican,r,2
21578311,Republican,r,3
20827284,Republican,r,1
20827284,Republican,r,2
20827284,Republican,r,3
21130840,Republican,d,1
21130840,Republican,r,2
21130840,Republican,r,3
20792666,Republican,r,1
20792666,Republican,r,2
20792666,Republican,r,3
20696150,Republican,r,1
20696150,Republican,r,2
20696150,Republican,r,3
21596738,Republican,r,1
21596738,Republican,r,2
21596738,Republican,d,3
21793552,Republican,r,1
21793552,Republican,d,2
21793552,Republican,d,3
20789251,Republican,r,1
20789251,Republican,r,2
20789251,Republican,r,3
21948294,Republican,r,1
21948294,Republican,r,2
21948294,Republican,r,3
21214526,Republican,r,1
21214526,Republican,r,2
21214526,Republican,r,3
21540386,Republican,r,1
21540386,Republican,r,2
21540386,Republican,r,3
21867100,Republican,d,1
21867100,Republican,r,2
21867100,Republican,r,3
21536644,Republican,r,1
21536644,Republican,r,2
21536644,Republican,r,3
21502683,Republican,d,1
21502683,Republican,r,2
21502683,Republican,d,3
20966466,Republican,r,1
20966466,Republican,r,2
20966466,Republican,r,3
21337754,Republican,r,1
21337754,Republican,d,2
21337754,Republican,d,3
21022197,Republican,r,1
21022197,Republican,r,2
21022197,Republican,d,3
21143140,Republican,d,1
21143140,Republican,d,2
21143140,Republican,d,3
20971719,Republican,r,1
20971719,Republican,r,2
20971719,Republican,r,3
21087333,Republican,r,1
21087333,Republican,r,2
21087333,Republican,r,3
21358112,Republican,d,1
21358112,Republican,r,2
21358112,Republican,r,3
21192489,Republican,r,1
21192489,Republican,r,2
21192489,Republican,r,3
